{
  "buildDuration": 3892,
  "assets": [
    {
      "name": "index.2b2f089a.js",
      "size": 22.8974609375,
      "sizeGz": 7.330078125
    },
    {
      "name": "index.1027be30.css",
      "size": 0.6708984375,
      "sizeGz": 0.3115234375
    },
    {
      "name": "index.html",
      "size": 0.3427734375,
      "sizeGz": 0.23828125
    }
  ]
}
